State;StateAbbr;Category;JurisNameSimple;Jurisdiction;"Assistance to Households 
Rent, Rental Arrears, Utilities Paid (Excludes Housing Stability/Admin Costs)
$  (April 2021 - June 2022)";"Total ERA2 Allocation 
$ 4";Households Assisted (April 2021 - June 2022)
California;CA;Total;California;California;2062215141;2586819701;230490
California;CA;State Total;State/DC;State/DC;1735767772;2074957050;180226
California;CA;State/DC;State of California;State of California;1735767772;2074957050;180226
California;CA;Local Total;Local Government;Local Government;326447369;511862650.7;50264
California;CA;County;Alameda;Alameda County;22009255;36458627.2;1672
California;CA;City;Anaheim;City of Anaheim;12925911;15031958.6;2207
California;CA;City;Bakersfield;City of Bakersfield;3256054;9037138.6;492
California;CA;City;Chula Vista;City of Chula Vista;5113810;9931566.4;515
California;CA;City;Fremont;City of Fremont;2543041;5672192.7;237
California;CA;City;Fresno;City of Fresno;9896778;19813664.3;1983
California;CA;City;Long Beach;City of Long Beach;18183308;21204940.4;2505
California;CA;City;Moreno Valley;City of Moreno Valley;4260356;5012189.6;481
California;CA;City;Oakland;City of Oakland;12530178;19644850.3;1241
California;CA;City;Riverside;City of Riverside;1249595;7795353.9;177
California;CA;City;Sacramento;City of Sacramento;10280530;12083175;1447
California;CA;City;San Bernardino;City of San Bernardino;2813754;8273045.1;579
California;CA;City;Santa Ana;City of Santa Ana;10953824;14026593.9;1553
California;CA;City;Stockton;City of Stockton;9393510;11051190.1;1135
California;CA;County;Fresno;Fresno County;0;14683685;0
California;CA;County;Kern;Kern County;4956283;20132570.8;758
California;CA;County;Marin;Marin County;2794349;9441174.4;246
California;CA;County;Monterey;Monterey County;9190284;10211429;2229
California;CA;County;Placer;Placer County;684444;9370821.9;407
California;CA;County;Riverside;Riverside County;41344888;62849621.7;8734
California;CA;County;Sacramento;Sacramento County;14211048;43366136.3;2144
California;CA;County;San Diego;San Diego County;53032019;58288819.7;9683
California;CA;County;Santa Barbara;Santa Barbara County;9677716;16610602.8;865
California;CA;County;Sonoma;Sonoma County;7406166;17332239.8;1125
California;CA;City;San Diego;City of San Diego;57740268;54539063.2;7849
Texas;TX;Total;Texas;Texas;1629012734;1739452687;345348
Texas;TX;State Total;State/DC;State/DC;1311145347;1107971308;259139
Texas;TX;State/DC;State of Texas;State of Texas;1311145347;1107971308;259139
Texas;TX;Local Total;Local Government;Local Government;317867387;631481378.5;86209
Texas;TX;County;Bell;Bell County;5120875;8677001.4;1326
Texas;TX;County;Bexar;Bexar County;3771745;10910255;954
Texas;TX;County;Brazoria;Brazoria County;1533504;8948124.8;270
Texas;TX;County;Cameron;Cameron County;2172116;13315725.2;722
Texas;TX;City;Arlington;City of Arlington;7507417;9536037;3857
Texas;TX;City;Austin;City of Austin;29888444;35312852.7;9752
Texas;TX;City;Corpus Christi;City of Corpus Christi;6642269;7808211;1526
Texas;TX;City;Dallas;City of Dallas;15796567;50225677.4;2968
Texas;TX;City;El Paso;City of El Paso;12755387;16299155.7;4147
Texas;TX;City;Fort Worth;City of Fort Worth;9192120;29071786;1449
Texas;TX;City;Garland;City of Garland;306101;5736340.4;136
Texas;TX;City;Houston;City of Houston;68294855;86068150.2;16103
Texas;TX;City;Irving;City of Irving;2397718;5733232.2;585
Texas;TX;City;Laredo;City of Laredo;92991;8295954.9;146
Texas;TX;City;Lubbock;City of Lubbock;4426417;6189025.6;1444
Texas;TX;City;Plano;City of Plano;5304366;6877951.6;1601
Texas;TX;City;San Antonio;City of San Antonio;47410300;49698201.9;13423
Texas;TX;County;Dallas;Dallas County;965285;31942392;296
Texas;TX;County;Denton;Denton County;0;23047307.7;0
Texas;TX;County;El Paso;El Paso County;631652;8835062.4;158
Texas;TX;County;Fort Bend;Fort Bend County;4423550;18396369.5;1293
Texas;TX;County;Galveston;Galveston County;3435582;8180061.3;4063
Texas;TX;County;Harris;Harris County;66124569;71425414;15405
Texas;TX;County;Jefferson;Jefferson County;27733;6014564.6;8
Texas;TX;County;McLennan;McLennan County;2219107;6135494.3;1090
Texas;TX;County;Nueces;Nueces County;244288;853728;110
Texas;TX;County;Smith;Smith County;1592261;5564748.4;447
Texas;TX;County;Tarrant;Tarrant County;7849406;26407662;1077
Texas;TX;County;Travis;Travis County;7586045;8378311.4;1695
Texas;TX;County;Webb;Webb County;154717;425388.7;158
Texas;TX;County;Hidalgo;Hidalgo County;0;26626734.3;0
Texas;TX;County;Williamson;Williamson County;0;12795064.9;0
Texas;TX;County;Brazos;Brazos County;0;8961076.5;0
Texas;TX;County;Hays;Hays County;0;7552074;0
Texas;TX;County;Lubbock;Lubbock County;0;1236241.5;0
Florida;FL;Total;Florida;Florida;832035213;1315933302;357231
Florida;FL;State Total;State/DC;State/DC;611369826;740483270.1;308584
Florida;FL;State/DC;State of Florida;State of Florida;611369826;740483270.1;308584
Florida;FL;Local Total;Local Government;Local Government;220665387;575450031.6;48647
Florida;FL;County;Alachua;Alachua County;8063970;9701662.1;5511
Florida;FL;County;Brevard;Brevard County;0;14381859.8;0
Florida;FL;County;Broward;Broward County;7255921;67450919.9;1007
Florida;FL;City;Jacksonville;City of Jacksonville;28971241;30839253.4;7140
Florida;FL;City;Miami;City of Miami;18388315;22779317.1;1948
Florida;FL;City;Orlando;City of Orlando;4375972;6867689.1;861
Florida;FL;City;Port St. Lucie;City of Port St. Lucie;1150151;4822592.3;149
Florida;FL;City;St. Petersburg;City of St. Petersburg;5657208;6339881.4;925
Florida;FL;City;Tampa;City of Tampa;6201015;9549806;1706
Florida;FL;County;Clay;Clay County;0;5238464;0
Florida;FL;County;Collier;Collier County;1092989;9196245.8;310
Florida;FL;County;Escambia;Escambia County;801277;7605344.2;362
Florida;FL;County;Hillsborough;Hillsborough County;15685763;37116305.2;4249
Florida;FL;County;Lake;Lake County;0;8771342.7;0
Florida;FL;County;Lee;Lee County;10004955;18410960.4;2453
Florida;FL;County;Leon;Leon County;7292979;10819738.4;1488
Florida;FL;County;Manatee;Manatee County;1032131;9634695.9;205
Florida;FL;County;Marion;Marion County;5436371;8734572.3;1297
Florida;FL;County;Miami-Dade;Miami-Dade County;37148857;72182836.3;4305
Florida;FL;County;Orange;Orange County;0;39779304.1;0
Florida;FL;County;Osceola;Osceola County;2506189;11679487.7;407
Florida;FL;County;Palm Beach;Palm Beach County;25779821;48921763.9;6497
Florida;FL;County;Pasco;Pasco County;2853436;13235142.4;468
Florida;FL;County;Pinellas;Pinellas County;17377841;24395835.4;3302
Florida;FL;County;Polk;Polk County;278887;17316686.9;47
Florida;FL;County;Sarasota;Sarasota County;1543726;10363152.3;635
Florida;FL;County;Seminole;Seminole County;5622439;11273071.8;844
Florida;FL;County;St. Johns;St. Johns County;0;6323658.4;0
Florida;FL;County;St. Lucie;St. Lucie County;1390631;3021222.2;327
Florida;FL;County;Volusia;Volusia County;4753302;13219301.7;2204
Florida;FL;City;Hialeah;City of Hialeah;0;10442874.7;0
Florida;FL;County;Okaloosa;Okaloosa County;0;5035043.8;0
New York;NY;Total;New York;New York;976296180;1311448176;83260
New York;NY;State Total;State/DC;State/DC;933841169;1225955182;76136
New York;NY;State/DC;State of New York;State of New York;933841169;1225955182;76136
New York;NY;Local Total;Local Government;Local Government;42455011;85492993.7;7124
New York;NY;City;Yonkers;City of Yonkers;4089726;8615832.3;273
New York;NY;County;Monroe;Monroe County;17423403;22050597.3;3144
New York;NY;County;Onondaga;Onondaga County;12858049;15118394.6;2841
New York;NY;Local Government;Town of Hempstead;Town of Hempstead;2124880;22720115.2;450
New York;NY;Local Government;Town of Islip;Town of Islip;3389367;9984900.2;272
New York;NY;Local Government;Town of Oyster Bay;Town of Oyster Bay;2569586;7003154.1;144
Illinois;IL;Total;Illinois;Illinois;437857775;762743347.7;56192
Illinois;IL;State Total;State/DC;State/DC;245087043;482752780.6;30553
Illinois;IL;State/DC;State of Illinois;State of Illinois;245087043;482752780.6;30553
Illinois;IL;Local Total;Local Government;Local Government;192770732;279990567.1;25639
Illinois;IL;County;Champaign;Champaign County;3243589;7850479.2;1423
Illinois;IL;City;Chicago;City of Chicago;88202522;102200245.3;9760
Illinois;IL;County;Cook;Cook County;67484925;75174936.5;8713
Illinois;IL;County;DuPage;DuPage County;9153478;26680038;1152
Illinois;IL;County;Kane;Kane County;6214293;15533153.5;877
Illinois;IL;County;Lake;Lake County;7141466;16336816.9;1332
Illinois;IL;County;McHenry;McHenry County;4949790;7218657.3;785
Illinois;IL;County;Will;Will County;0;16200968.9;0
Illinois;IL;County;Winnebago;Winnebago County;4874226;6627559.3;996
Illinois;IL;County;Madison;Madison County;1506443;6167712.2;601
Pennsylvania;PA;Total;Pennsylvania;Pennsylvania;218267718;762683807;65058
Pennsylvania;PA;State Total;State/DC;State/DC;94620913;500166870;28404
Pennsylvania;PA;State/DC;Commonwealth of Pennsylvania;Commonwealth of Pennsylvania;94620913;500166870;28404
Pennsylvania;PA;Local Total;Local Government;Local Government;123646805;262516937;36654
Pennsylvania;PA;County;Allegheny;Allegheny County;16825853;32593098.8;6980
Pennsylvania;PA;County;Berks;Berks County;5923372;12656511.9;3447
Pennsylvania;PA;County;Bucks;Bucks County;8227275;14812668.3;1656
Pennsylvania;PA;County;Chester;Chester County;0;12377621;0
Pennsylvania;PA;City;Philadelphia;City of Philadelphia;49131653;58391497.3;13354
Pennsylvania;PA;City;Pittsburgh;City of Pittsburgh;2647993;7079817.5;1079
Pennsylvania;PA;County;Cumberland;Cumberland County;1207646;5973682.9;340
Pennsylvania;PA;County;Dauphin;Dauphin County;2405639;6561431.8;427
Pennsylvania;PA;County;Delaware;Delaware County;8108099;13362145.8;1585
Pennsylvania;PA;County;Erie;Erie County;4220432;6359354.1;1084
Pennsylvania;PA;County;Lackawanna;Lackawanna County;1459025;4943466.1;249
Pennsylvania;PA;County;Lancaster;Lancaster County;808147;12866488.3;530
Pennsylvania;PA;County;Lehigh;Lehigh County;0;11788108.6;0
Pennsylvania;PA;County;Luzerne;Luzerne County;2520506;7483713.6;946
Pennsylvania;PA;County;Montgomery;Montgomery County;14835636;24379049.7;3423
Pennsylvania;PA;County;Northampton;Northampton County;1926656;7197678.5;146
Pennsylvania;PA;County;Washington;Washington County;1277978;4877238.5;757
Pennsylvania;PA;County;Westmoreland;Westmoreland County;2120895;8225962;651
Pennsylvania;PA;County;York;York County;0;10587402.3;0
Ohio;OH;Total;Ohio;Ohio;55719520;700997733.1;76553
Ohio;OH;State Total;State/DC;State/DC;0;495787717.1;0
Ohio;OH;State/DC;State of Ohio;State of Ohio;0;495787717.1;0
Ohio;OH;Local Total;Local Government;Local Government;55719520;205210016;76553
Ohio;OH;City;Cincinnati;City of Cincinnati;1796188;7178997.5;1916
Ohio;OH;City;Cleveland;City of Cleveland;1180967;16507009.2;242
Ohio;OH;City;Columbus;City of Columbus;4178020;31936518;1204
Ohio;OH;City;Toledo;City of Toledo;3309739;6442981.4;1150
Ohio;OH;County;Clermont;Clermont County;1671783;4875785;1413
Ohio;OH;County;Cuyahoga;Cuyahoga County;10577849;26991928;2404
Ohio;OH;County;Delaware;Delaware County;2947360;4738624.9;978
Ohio;OH;County;Franklin;Franklin County;3440155;10333112.8;1140
Ohio;OH;County;Hamilton;Hamilton County;17867934;20812625.9;4529
Ohio;OH;County;Lake;Lake County;348819;5436069.9;219
Ohio;OH;County;Lorain;Lorain County;1616623;7318188.9;356
Ohio;OH;County;Lucas;Lucas County;1169035;3674506.4;341
Ohio;OH;County;Mahoning;Mahoning County;0;5401443.3;0
Ohio;OH;County;Montgomery;Montgomery County;2271718;17439188.3;873
Ohio;OH;County;Summit;Summit County;22984;12778610.8;59012
Ohio;OH;County;Warren;Warren County;737257;5541248.8;154
Ohio;OH;County;Butler;Butler County;2583089;9049542.8;622
Ohio;OH;County;Stark;Stark County;0;8753634.1;0
Georgia;GA;Total;Georgia;Georgia;134861648;638278494.3;32837
Georgia;GA;State Total;State/DC;State/DC;45755370;479112632;18425
Georgia;GA;State/DC;State of Georgia;State of Georgia;45755370;479112632;18425
Georgia;GA;Local Total;Local Government;Local Government;89106278;159165862.3;14412
Georgia;GA;County;Chatham;Chatham County;275042;6893465.3;87
Georgia;GA;County;Cherokee;Cherokee County;0;6163295.8;0
Georgia;GA;City;Atlanta;City of Atlanta;5085513;12070911.9;890
Georgia;GA;City;Augusta;City of Augusta;2108664;7114012.1;351
Georgia;GA;County;Clayton;Clayton County;3454890;10094829.6;719
Georgia;GA;County;Cobb;Cobb County;6865381;23109381.1;961
Georgia;GA;County;Dekalb;Dekalb County;16092369;24720170.2;1553
Georgia;GA;County;Forsyth;Forsyth County;0;5817443.5;0
Georgia;GA;County;Fulton;Fulton County;22015294;24975642.5;3373
Georgia;GA;County;Gwinnett;Gwinnett County;24519455;27750831.3;4653
Georgia;GA;County;Hall;Hall County;3954336;4869249.7;1130
Georgia;GA;County;Henry;Henry County;4735334;5586629.3;695
North Carolina;NC;Total;North Carolina;North Carolina;423536871;628305377.7;119710
North Carolina;NC;State Total;State/DC;State/DC;339536132;489839579.5;97856
North Carolina;NC;State/DC;State of North Carolina;State of North Carolina;339536132;489839579.5;97856
North Carolina;NC;Local Total;Local Government;Local Government;84000739;138465798.2;21854
North Carolina;NC;County;Buncombe;Buncombe County;4830220;6233394.9;1370
North Carolina;NC;County;Cabarrus;Cabarrus County;0;5165710.3;0
North Carolina;NC;City;Charlotte;City of Charlotte;20585964;28841640.1;6771
North Carolina;NC;City;Durham;City of Durham;4457976;6658244.5;751
North Carolina;NC;City;Fayetteville;City of Fayetteville;3219706;5051252.4;562
North Carolina;NC;City;Greensboro;City of Greensboro;5938396;7081065.6;1714
North Carolina;NC;City;Raleigh;City of Raleigh;8309757;11313786.8;1682
North Carolina;NC;City;Winston-Salem;City of Winston-Salem;5113296;5917275.5;1395
North Carolina;NC;County;Cumberland;Cumberland County;2664626;2955762;508
North Carolina;NC;County;Durham;Durham County;948165;984919.9;173
North Carolina;NC;County;Forsyth;Forsyth County;3073203;3206299.6;792
North Carolina;NC;County;Gaston;Gaston County;3254135;5358446.2;843
North Carolina;NC;County;Guilford;Guilford County;4863924;5738739.4;1374
North Carolina;NC;County;Johnston;Johnston County;3155736;4995932.7;594
North Carolina;NC;County;Mecklenburg;Mecklenburg County;1458108;5361286.2;235
North Carolina;NC;County;New Hanover;New Hanover County;4166539;5595762.5;1427
North Carolina;NC;County;Union;Union County;312827;5724300.9;66
North Carolina;NC;County;Wake;Wake County;7648161;22281978.7;1597
Michigan;MI;Total;Michigan;Michigan;226519476;593079899.4;40111
Michigan;MI;State Total;State/DC;State/DC;171832708;468956867.7;31189
Michigan;MI;State/DC;State of Michigan;State of Michigan;171832708;468956867.7;31189
Michigan;MI;Local Total;Local Government;Local Government;54686768;124123031.7;8922
Michigan;MI;City;Detroit;City of Detroit;20892912;28081330.1;3275
Michigan;MI;County;Genesee;Genesee County;3561404;12901971.9;726
Michigan;MI;County;Macomb;Macomb County;25090635;26056391.4;3723
Michigan;MI;County;Wayne;Wayne County;5141817;32687627.6;1198
Michigan;MI;County;Ingham;Ingham County;0;10188693.7;0
Michigan;MI;City;pids city;Grand Rapids city;0;7330489.6;0
Michigan;MI;County;Ottawa;Ottawa County;0;6876527.4;0
New Jersey;NJ;Total;New Jersey;New Jersey;376629777;552022406.1;48368
New Jersey;NJ;State Total;State/DC;State/DC;231411504;283861259.2;27980
New Jersey;NJ;State/DC;State of New Jersey;State of New Jersey;231411504;283861259.2;27980
New Jersey;NJ;Local Total;Local Government;Local Government;145218273;268161146.9;20388
New Jersey;NJ;County;Atlantic;Atlantic County;3229652;8885539.2;534
New Jersey;NJ;County;Bergen;Bergen County;0;31241911;0
New Jersey;NJ;County;Burlington;Burlington County;56274277;10515558.4;6565
New Jersey;NJ;City;Jersey City;City of Jersey City;0;6188101.8;0
New Jersey;NJ;City;Newark;City of Newark;13325113;15036605.6;1336
New Jersey;NJ;County;Essex;Essex County;3627824;19437994.7;383
New Jersey;NJ;County;Gloucester;Gloucester County;3540214;8452580.2;627
New Jersey;NJ;County;Hudson;Hudson County;6469243;22927894.6;1011
New Jersey;NJ;County;Mercer;Mercer County;3567185;12279102.1;956
New Jersey;NJ;County;Middlesex;Middlesex County;5838696;28138971.9;551
New Jersey;NJ;County;Monmouth;Monmouth County;16452557;19945315.8;3679
New Jersey;NJ;County;Ocean;Ocean County;82015;19212010.6;10
New Jersey;NJ;County;Passaic;Passaic County;16899511;21136874.6;2601
New Jersey;NJ;County;Somerset;Somerset County;7681458;7766773.2;932
New Jersey;NJ;County;Union;Union County;0;20501833.7;0
New Jersey;NJ;County;Camden;Camden County;8230528;16494079.5;1203
Virginia;VA;Total;Virginia;Virginia;349869062;508993715;60018
Virginia;VA;State Total;State/DC;State/DC;319452661;465508855.3;55248
Virginia;VA;State/DC;State of Virginia;State of Virginia;319452661;465508855.3;55248
Virginia;VA;Local Total;Local Government;Local Government;30416401;43484859.7;4770
Virginia;VA;County;Chesterfield;Chesterfield County;8459074;8383893.3;2158
Virginia;VA;County;Fairfax;Fairfax County;21957327;35100966.4;2612
Washington;WA;Total;Washington;Washington;319617819;468603873.5;41595
Washington;WA;State Total;State/DC;State/DC;192065979;286296777.7;24190
Washington;WA;State/DC;State of Washington;State of Washington;192065979;286296777.7;24190
Washington;WA;Local Total;Local Government;Local Government;127551840;182307095.8;17405
Washington;WA;Local Government;Benton County;Benton County;5060924;4875836.4;856
Washington;WA;City;Seattle;City of Seattle;20160269;28730963.5;3517
Washington;WA;City;Spokane;City Of Spokane;3759164;5297865;584
Washington;WA;City;Tacoma;City of Tacoma;2877394;5196383.5;1054
Washington;WA;County;Clark;Clark County;7628607;11647258.9;1168
Washington;WA;County;King;King County;48631674;49631675.9;3847
Washington;WA;County;Kitsap;Kitsap County;2922574;6476138.5;361
Washington;WA;County;Pierce;Pierce County;16292515;23789821.4;1401
Washington;WA;County;Snohomish;Snohomish County;13193867;26571771.5;3493
Washington;WA;County;Spokane;Spokane County;309497;7173770.2;55
Washington;WA;County;Thurston;Thurston County;4679371;6930896.9;676
Washington;WA;County;Yakima;Yakima County;2035984;5984714.1;393
Massachusetts;MA;Total;Massachusetts;Massachusetts;332915059;436194070;108155
Massachusetts;MA;State Total;State/DC;State/DC;321406832;357864926.9;106132
Massachusetts;MA;State/DC;Commonwealth of Massachusetts;Commonwealth of Massachusetts;321406832;357864926.9;106132
Massachusetts;MA;Local Total;Local Government;Local Government;11508227;78329143.1;2023
Massachusetts;MA;City;Boston;City of Boston;11508227;30092991.3;2023
Massachusetts;MA;County;Bristol;Bristol County;0;19237305.6;0
Massachusetts;MA;County;Norfolk;Norfolk County;0;16690589.1;0
Massachusetts;MA;County;Plymouth;Plymouth County;0;12308257.1;0
Arizona;AZ;Total;Arizona;Arizona;122729054;428025895.3;24226
Arizona;AZ;State Total;State/DC;State/DC;2945089;234256606.3;712
Arizona;AZ;State/DC;State of Arizona;State of Arizona;2945089;234256606.3;712
Arizona;AZ;Local Total;Local Government;Local Government;119783965;193769289;23514
Arizona;AZ;City;Chandler;City of Chandler;2685052;6287370.4;401
Arizona;AZ;City;Glendale;City of Glendale;5119221;6075901.6;969
Arizona;AZ;City;Mesa;City of Mesa;10887347;12470787.9;2069
Arizona;AZ;City;Phoenix;City of Phoenix;50075794;55349894.9;7279
Arizona;AZ;City;Tucson;City of Tucson;22745050;20857848.1;4049
Arizona;AZ;County;Maricopa;Maricopa County;10165372;58761482;618
Arizona;AZ;County;Pima;Pima County;4981694;12018046.2;864
Arizona;AZ;County;Pinal;Pinal County;9952506;11141331.6;5360
Arizona;AZ;County;Yavapai;Yavapai County;1759834;5659849.1;1553
Arizona;AZ;County;Yuma;Yuma County;1412095;5146777.2;352
Tennessee;TN;Total;Tennessee;Tennessee;89370086;405528773.8;26330
Tennessee;TN;State Total;State/DC;State/DC;23011683;312617710.2;9697
Tennessee;TN;State/DC;State of Tennessee;State of Tennessee;23011683;312617710.2;9697
Tennessee;TN;Local Total;Local Government;Local Government;66358403;92911063.6;16633
Tennessee;TN;City;Memphis;City of Memphis;21775297;24532239.1;7122
Tennessee;TN;County;Hamilton;Hamilton County;0;8757716.7;0
Tennessee;TN;County;Knox;Knox County;5952382;11198540.6;2392
Tennessee;TN;County;Montgomery;Montgomery County;0;4976295.8;0
Tennessee;TN;Local Government;Nashville-Davidson Metropolitan Government;Nashville-Davidson Metropolitan Government;24681649;23045394.6;3621
Tennessee;TN;County;Rutherford;Rutherford County;6172716;7911980;1400
Tennessee;TN;County;Shelby;Shelby County;7776359;6812110.4;2098
Tennessee;TN;County;Williamson;Williamson County;0;5676786.4;0
Indiana;IN;Total;Indiana;Indiana;79292138;397364086.7;20055
Indiana;IN;State Total;State/DC;State/DC;41475769;324117626.6;9173
Indiana;IN;State/DC;State of Indiana;State of Indiana;41475769;324117626.6;9173
Indiana;IN;Local Total;Local Government;Local Government;37816369;73246460.1;10882
Indiana;IN;City;Fort Wayne;City of Fort Wayne;1180724;6406148.5;400
Indiana;IN;City;Indianapolis;City of Indianapolis;30080034;33422259.5;8278
Indiana;IN;County;Hamilton;Hamilton County;2731938;8007887;898
Indiana;IN;County;Lake;Lake County;0;11501913;0
Indiana;IN;County;St. Joseph;St. Joseph County;3823673;6439884.8;1306
Indiana;IN;County;Elkhart;Elkhart County;0;4888466.4;0
Indiana;IN;County;Allen;Allen County;0;2579900.9;0
Missouri;MO;Total;Missouri;Missouri;91811183;363936337.3;28921
Missouri;MO;State Total;State/DC;State/DC;71294591;269650237.4;22357
Missouri;MO;State/DC;State of Missouri;State of Missouri;71294591;269650237.4;22357
Missouri;MO;Local Total;Local Government;Local Government;20516592;94286099.9;6564
Missouri;MO;City;Kansas City;City of Kansas City;2735282;11722305;1839
Missouri;MO;City;St. Louis;City of St. Louis;3778248;12441998.2;876
Missouri;MO;County;Clay;Clay County;1569110;2880505.3;418
Missouri;MO;County;Greene;Greene County;1636751;6936111.9;642
Missouri;MO;County;Jackson;Jackson County;1646608;15599827.9;394
Missouri;MO;County;Jefferson;Jefferson County;189783;5326719.8;54
Missouri;MO;County;St. Louis;St. Louis County;8960810;29864463.4;2341
Missouri;MO;County;St. Charles;St. Charles County;0;9514168.4;0
Maryland;MD;Total;Maryland;Maryland;118601168;352225095.4;29577
Maryland;MD;State Total;State/DC;State/DC;61549932;204204097.7;21010
Maryland;MD;State/DC;State of Maryland;State of Maryland;61549932;204204097.7;21010
Maryland;MD;Local Total;Local Government;Local Government;57051236;148020997.7;8567
Maryland;MD;County;Anne Arundel;Anne Arundel County;8012887;13699463.7;1063
Maryland;MD;County;Baltimore;Baltimore County;9347245;26228111.7;1192
Maryland;MD;City;Baltimore;City of Baltimore;9409227;23127930;2457
Maryland;MD;County;Frederick;Frederick County;2448241;6138546.2;727
Maryland;MD;County;Harford;Harford County;435058;6041435.2;55
Maryland;MD;County;Howard;Howard County;4283111;7702894.4;620
Maryland;MD;County;Montgomery;Montgomery County;6917101;34486513.9;737
Maryland;MD;County;Prince George's;Prince George's County;16198366;30596102.6;1716
Wisconsin;WI;Total;Wisconsin;Wisconsin;83697448;348404363.9;24809
Wisconsin;WI;State Total;State/DC;State/DC;51332916;281247448;17019
Wisconsin;WI;State/DC;State of Wisconsin;State of Wisconsin;51332916;281247448;17019
Wisconsin;WI;Local Total;Local Government;Local Government;32364532;67156915.9;7790
Wisconsin;WI;Local Government;Brown County;Brown County;5551114;6257190.2;2169
Wisconsin;WI;City;Madison;City of Madison;6906426;6142189.7;1575
Wisconsin;WI;City;Milwaukee;City of Milwaukee;8716248;24197823.1;1810
Wisconsin;WI;County;Dane;Dane County;8025497;12589006.5;1626
Wisconsin;WI;County;Milwaukee;Milwaukee County;2495944;8410244.3;499
Wisconsin;WI;County;Waukesha;Waukesha County;669303;9560462.1;111
Colorado;CO;Total;Colorado;Colorado;97517002;333646192.1;17547
Colorado;CO;State Total;State/DC;State/DC;62427352;206938707;10416
Colorado;CO;State/DC;State of Colorado;State of Colorado;62427352;206938707;10416
Colorado;CO;Local Total;Local Government;Local Government;35089650;126707485.1;7131
Colorado;CO;County;Adams;Adams County;7542579;11176138.6;848
Colorado;CO;County;Arapahoe;Arapahoe County;4356316;13787453.8;1139
Colorado;CO;County;Boulder;Boulder County;4403568;12371929.8;867
Colorado;CO;City; County of Denver;City and County of Denver;1223634;27274556.2;184
Colorado;CO;City;Aurora;City of Aurora;2367885;9031745.3;493
Colorado;CO;City;Colorado Springs;City of Colorado Springs;0;11387544.2;0
Colorado;CO;County;Douglas;Douglas County;901535;8326115.3;337
Colorado;CO;County;Jefferson;Jefferson County;6594628;13879740.1;1181
Colorado;CO;County;Larimer;Larimer County;2754149;11745359.4;1120
Colorado;CO;County;Weld;Weld County;4945356;7726902.4;962
Minnesota;MN;Total;Minnesota;Minnesota;192445499;314885023.2;36349
Minnesota;MN;State Total;State/DC;State/DC;146887286;237445703.5;28195
Minnesota;MN;State/DC;State of Minnesota;State of Minnesota;146887286;237445703.5;28195
Minnesota;MN;Local Total;Local Government;Local Government;45558213;77439319.7;8154
Minnesota;MN;City;Minneapolis;City of Minneapolis;5271265;10175482.5;823
Minnesota;MN;City;Saint Paul;City of Saint Paul;6418871;11588419.6;1251
Minnesota;MN;County;Dakota;Dakota County;5495568;10161626.5;826
Minnesota;MN;County;Hennepin;Hennepin County;21620685;31717562.2;3244
Minnesota;MN;County;Ramsey;Ramsey County;2243153;7580176;503
Minnesota;MN;County;Washington;Washington County;4508671;6216052.9;1507
South Carolina;SC;Total;South Carolina;South Carolina;101650193;304589333.4;26133
South Carolina;SC;State Total;State/DC;State/DC;75230195;231969207.7;19579
South Carolina;SC;State/DC;State of South Carolina;State of South Carolina;75230195;231969207.7;19579
South Carolina;SC;Local Total;Local Government;Local Government;26419998;72620125.7;6554
South Carolina;SC;County;Anderson;Anderson County;1283004;4847089.6;256
South Carolina;SC;County;Berkeley;Berkeley County;4796788;5453675.7;1192
South Carolina;SC;County;Horry;Horry County;5551659;8472942.6;1267
South Carolina;SC;County;Richland;Richland County;4748829;9948859.6;824
South Carolina;SC;County;Spartanburg;Spartanburg County;1739407;7652260.3;421
South Carolina;SC;County;York;York County;0;6723656.3;0
South Carolina;SC;County;Greenville;Greenville County;3618175;12528041.1;1405
South Carolina;SC;County;Charleston;Charleston County;4682136;9844695;1189
South Carolina;SC;County;Lexington;Lexington County;0;7148905.5;0
Alabama;AL;Total;Alabama;Alabama;60517259;289330145.4;17679
Alabama;AL;State Total;State/DC;State/DC;28076948;224094603;10741
Alabama;AL;State/DC;State of Alabama;State of Alabama;28076948;224094603;10741
Alabama;AL;Local Total;Local Government;Local Government;32440311;65235542.4;6938
Alabama;AL;Local Government;Baldwin County;Baldwin County;1132367;5290605.5;328
Alabama;AL;City;Birmingham;City of Birmingham;4521778;4962813.3;1012
Alabama;AL;County;Jefferson;Jefferson County;9149211;16526993.7;1380
Alabama;AL;County;Mobile;Mobile County;8164630;9793002.5;2257
Alabama;AL;County;Montgomery;Montgomery County;6861367;8005548.3;1308
Alabama;AL;County;Shelby;Shelby County;0;5120914.8;0
Alabama;AL;County;Tuscaloosa;Tuscaloosa County;1614551;6649203.6;397
Alabama;AL;City;Huntsville;City Of Huntsville;996407;4753567.6;256
Alabama;AL;County;Madison;Madison County;0;4132893.1;0
Kentucky;KY;Total;Kentucky;Kentucky;40579998;264795068.8;10057
Kentucky;KY;State Total;State/DC;State/DC;16249957;232652925.2;5269
Kentucky;KY;State/DC;Commonwealth of Kentucky;Commonwealth of Kentucky;16249957;232652925.2;5269
Kentucky;KY;Local Total;Local Government;Local Government;24330041;32142143.6;4788
Kentucky;KY;County;Lexington-Fayette Urban;Lexington-Fayette Urban County;4215134;7646451.2;880
Kentucky;KY;County;Louisville/Jefferson;Louisville/Jefferson County;20114907;24495692.4;3908
Louisiana;LA;Total;Louisiana;Louisiana;54541027;261695519.2;12955
Louisiana;LA;State Total;State/DC;State/DC;22518522;191570171;5081
Louisiana;LA;State/DC;State of Louisiana;State of Louisiana;22518522;191570171;5081
Louisiana;LA;Local Total;Local Government;Local Government;32022505;70125348.2;7874
Louisiana;LA;Local Government;Calcasieu Parish;Calcasieu Parish;946986;4799831.2;213
Louisiana;LA;City;Baton Rouge;City of Baton Rouge;0;5196207.3;0
Louisiana;LA;City;New Orleans;City of New Orleans;13917497;15838032.6;2491
Louisiana;LA;Local Government;Jefferson Parish;Jefferson Parish;5363305;14518521.8;910
Louisiana;LA;Local Government;Lafayette City Parish;Lafayette City Parish;3973716;5766092.3;849
Louisiana;LA;Local Government;St. Tammany Parish;St. Tammany Parish;902544;6144277.5;377
Louisiana;LA;Local Government;Caddo Parish;Caddo Parish;6918457;8164154.2;3034
Louisiana;LA;Local Government;East Baton Rouge Parish;East Baton Rouge Parish;0;9698231.3;0
Oregon;OR;Total;Oregon;Oregon;172865392;244343125.8;36545
Oregon;OR;State Total;State/DC;State/DC;132729816;161705753.6;19918
Oregon;OR;State/DC;State of Oregon;State of Oregon;132729816;161705753.6;19918
Oregon;OR;Local Total;Local Government;Local Government;40135576;82637372.2;16627
Oregon;OR;City;Portland;City of Portland;16622870;25185809.1;11481
Oregon;OR;County;Clackamas;Clackamas County;4608075;9908500.2;1206
Oregon;OR;County;Lane;Lane County;7961949;13514988.9;1188
Oregon;OR;County;Marion;Marion County;0;8258777.3;0
Oregon;OR;County;Multnomah;Multnomah County;4866181;6180892.6;1926
Oregon;OR;County;Washington;Washington County;6076501;19588404.1;826
Puerto Rico;PR;Total;Puerto Rico;Puerto Rico;0;240350000;0
Puerto Rico;PR;Other Total;Territorial Government;Territorial Government;0;240350000;0
Puerto Rico;PR;Other;Government of Puerto Rico;Government of Puerto Rico;0;240350000;0
Connecticut;CT;Total;Connecticut;Connecticut;62358900;221555482.1;21152
Connecticut;CT;State Total;State/DC;State/DC;62358900;221555482.1;21152
Connecticut;CT;State/DC;State of Connecticut;State of Connecticut;62358900;221555482.1;21152
Oklahoma;OK;Total;Oklahoma;Oklahoma;73488784;221048644.6;25191
Oklahoma;OK;State Total;State/DC;State/DC;59743840;166171992.7;22033
Oklahoma;OK;State/DC;State of Oklahoma;State of Oklahoma;59743840;166171992.7;22033
Oklahoma;OK;Local Total;Local Government;Local Government;13744944;54876651.9;3158
Oklahoma;OK;Local Government;City of Oklahoma City;City of Oklahoma City;7659363;15559933.5;1815
Oklahoma;OK;City;Tulsa;City of Tulsa;0;9529689.4;0
Oklahoma;OK;County;Cleveland;Cleveland County;0;5081170.8;0
Oklahoma;OK;County;Oklahoma;Oklahoma County;5245263;13241927.5;1111
Oklahoma;OK;County;Tulsa;Tulsa County;840318;11463930.7;232
Nevada;NV;Total;Nevada;Nevada;80762860;185466825;14544
Nevada;NV;State Total;State/DC;State/DC;35260407;98790900.7;5983
Nevada;NV;State/DC;State of Nevada;State of Nevada;35260407;98790900.7;5983
Nevada;NV;Local Total;Local Government;Local Government;45502453;86675924.3;8561
Nevada;NV;City;Henderson;City of Henderson;0;7702744.4;0
Nevada;NV;City;Las Vegas;City of Las Vegas;13855905;15668695;2454
Nevada;NV;City;North Las Vegas;City of North Las Vegas;0;6061705.2;0
Nevada;NV;City;Reno;City of Reno;2848069;6148959.4;727
Nevada;NV;County;Clark;Clark County;25721290;45899509.6;4517
Nevada;NV;County;Washoe;Washoe County;3077189;5194310.7;863
Utah;UT;Total;Utah;Utah;43498721;176599428.8;9256
Utah;UT;State Total;State/DC;State/DC;34151855;112781088.2;7148
Utah;UT;State/DC;State of Utah;State of Utah;34151855;112781088.2;7148
Utah;UT;Local Total;Local Government;Local Government;9346866;63818340.6;2108
Utah;UT;Local Government;Davis County;Davis County;0;8508417;0
Utah;UT;City;e City;Salt Lake City;2561830;4800559.4;647
Utah;UT;County;Salt Lake;Salt Lake County;6785036;29052933.8;1461
Utah;UT;County;Utah;Utah County;0;15228247.5;0
Utah;UT;County;Weber;Weber County;0;6228182.9;0
Iowa;IA;Total;Iowa;Iowa;15459974;165991827.8;4647
Iowa;IA;State Total;State/DC;State/DC;14589;149014547.2;9
Iowa;IA;State/DC;State of Iowa;State of Iowa;14589;149014547.2;9
Iowa;IA;Local Total;Local Government;Local Government;15445385;16977280.6;4638
Iowa;IA;City;Des Moines;City of Des Moines;4685579;5072063.7;1334
Iowa;IA;County;Linn;Linn County;4728798;5367267.4;1588
Iowa;IA;County;Polk;Polk County;6031008;6537949.5;1716
Hawaii;HI;Total;Hawaii;Hawaii;60307603;165872769.2;11629
Hawaii;HI;State Total;State/DC;State/DC;27086687;95184413.3;4934
Hawaii;HI;State/DC;State of Hawaii;State of Hawaii;27086687;95184413.3;4934
Hawaii;HI;Local Total;Local Government;Local Government;33220916;70688355.9;6695
Hawaii;HI;County;City and County of H;City and County of Honolulu;32933466;59131356.1;6637
Hawaii;HI;County;Hawaii;Hawaii County;287450;11556999.8;58
Arkansas;AR;Total;Arkansas;Arkansas;6394819;159011280.6;2583
Arkansas;AR;State Total;State/DC;State/DC;0;137428626;0
Arkansas;AR;State/DC;State of Arkansas;State of Arkansas;0;137428626;0
Arkansas;AR;Local Total;Local Government;Local Government;6394819;21582654.6;2583
Arkansas;AR;County;Benton;Benton County;4550602;6618705.4;1167
Arkansas;AR;County;Washington;Washington County;1844217;5671357.1;1416
Arkansas;AR;County;Pulaski;Pulaski County;0;9292592.1;0
New Mexico;NM;Total;New Mexico;New Mexico;19306661;158428672.4;5486
New Mexico;NM;State Total;State/DC;State/DC;16691165;122728936.7;4938
New Mexico;NM;State/DC;State of New Mexico;State of New Mexico;16691165;122728936.7;4938
New Mexico;NM;Local Total;Local Government;Local Government;2615496;35699735.7;548
New Mexico;NM;Local Government;Bernalillo County;Bernalillo County;1200277;10297746.7;201
New Mexico;NM;City;Albuquerque;City of Albuquerque;0;18284318.5;0
New Mexico;NM;County;Dona Ana;Dona Ana County;1415219;7117670.5;347
Mississippi;MS;Total;Mississippi;Mississippi;64691137;158103425.6;19537
Mississippi;MS;State Total;State/DC;State/DC;56675092;145312577.8;17426
Mississippi;MS;State/DC;State of Mississippi;State of Mississippi;56675092;145312577.8;17426
Mississippi;MS;Local Total;Local Government;Local Government;8016045;12790847.8;2111
Mississippi;MS;County;Harrison;Harrison County;1949493;4897617.9;644
Mississippi;MS;County;Hinds;Hinds County;6066552;7893229.9;1467
Nebraska;NE;Total;Nebraska;Nebraska;28216274;156708947.2;5931
Nebraska;NE;State Total;State/DC;State/DC;0;120515161.8;0
Nebraska;NE;State/DC;State of Nebraska;State of Nebraska;0;120515161.8;0
Nebraska;NE;Local Total;Local Government;Local Government;28216274;36193785.4;5931
Nebraska;NE;City;Lincoln;City of Lincoln;4872570;10222547.1;1901
Nebraska;NE;City;Omaha;City of Omaha;23124210;16908704.3;3934
Nebraska;NE;County;Douglas;Douglas County;1;8002168.7;0
Nebraska;NE;County;Lancaster;Lancaster County;219493;1060365.3;96
Kansas;KS;Total;Kansas;Kansas;67476589;152887147.6;20344
Kansas;KS;State Total;State/DC;State/DC;59897415;143678586.9;15865
Kansas;KS;State/DC;State of Kansas;State of Kansas;59897415;143678586.9;15865
Kansas;KS;Local Total;Local Government;Local Government;7579174;9208560.7;4479
Kansas;KS;City;Wichita;City of Wichita;7579174;9208560.7;4479
Vermont;VT;Total;Vermont;Vermont;48544792;152000000;39807
Vermont;VT;State Total;State/DC;State/DC;48544792;152000000;39807
Vermont;VT;State/DC;State of Vermont;State of Vermont;48544792;152000000;39807
Idaho;ID;Total;Idaho;Idaho;6786933;152000000;1321
Idaho;ID;State Total;State/DC;State/DC;0;124769752.4;0
Idaho;ID;State/DC;State of Idaho;State of Idaho;0;124769752.4;0
Idaho;ID;Local Total;Local Government;Local Government;6786933;27230247.6;1321
Idaho;ID;Local Government;Ada County;Ada County;3219308;9669349;575
Idaho;ID;City;Boise;City of Boise;3567625;8763416.9;746
Idaho;ID;County;Canyon;Canyon County;0;8797481.7;0
Delaware;DE;Total;Delaware;Delaware;7817799;152000000;1298
Delaware;DE;State Total;State/DC;State/DC;7817799;96298931.6;1298
Delaware;DE;State/DC;State of Delaware;State of Delaware;7817799;96298931.6;1298
Delaware;DE;Local Total;Local Government;Local Government;0;55701068.4;0
Delaware;DE;County;New Castle;New Castle County;0;39248426.9;0
Delaware;DE;County;Sussex;Sussex County;0;16452641.5;0
New Hampshire;NH;Total;New Hampshire;New Hampshire;59398266;152000000;12737
New Hampshire;NH;State Total;State/DC;State/DC;58935189;115438767.8;12588
New Hampshire;NH;State/DC;State of New Hampshire;State of New Hampshire;58935189;115438767.8;12588
New Hampshire;NH;Local Total;Local Government;Local Government;463077;36561232.2;149
New Hampshire;NH;County;Hillsborough;Hillsborough County;0;20978362.3;0
New Hampshire;NH;County;Rockingham;Rockingham County;463077;15582869.9;149
Montana;MT;Total;Montana;Montana;14739280;152000000;2890
Montana;MT;State Total;State/DC;State/DC;14739280;152000000;2890
Montana;MT;State/DC;State of Montana;State of Montana;14739280;152000000;2890
Rhode Island;RI;Total;Rhode Island;Rhode Island;60504721;152000000;9978
Rhode Island;RI;State Total;State/DC;State/DC;60504721;152000000;9978
Rhode Island;RI;State/DC;State of Rhode Island;State of Rhode Island;60504721;152000000;9978
Wyoming;WY;Total;Wyoming;Wyoming;26109131;152000000;8226
Wyoming;WY;State Total;State/DC;State/DC;26109131;152000000;8226
Wyoming;WY;State/DC;State of Wyoming;State of Wyoming;26109131;152000000;8226
West Virginia;WV;Total;West Virginia;West Virginia;53240503;152000000;23388
West Virginia;WV;State Total;State/DC;State/DC;53240503;152000000;23388
West Virginia;WV;State/DC;State of West Virginia;State of West Virginia;53240503;152000000;23388
Maine;ME;Total;Maine;Maine;86304758;152000000;22643
Maine;ME;State Total;State/DC;State/DC;86304758;152000000;22643
Maine;ME;State/DC;State of Maine;State of Maine;86304758;152000000;22643
South Dakota;SD;Total;South Dakota;South Dakota;13880690;152000000;4542
South Dakota;SD;State Total;State/DC;State/DC;13880690;152000000;4542
South Dakota;SD;State/DC;State of South Dakota;State of South Dakota;13880690;152000000;4542
District of Columbia;DC;Total;District of Columbia;District of Columbia;139422382;152000000;38211
District of Columbia;DC;State Total;State/DC;State/DC;139422382;152000000;38211
District of Columbia;DC;State/DC;District of Columbia;District of Columbia;139422382;152000000;38211
Alaska;AK;Total;Alaska;Alaska;48673152;152000000;16443
Alaska;AK;State Total;State/DC;State/DC;38978995;125071786.4;13221
Alaska;AK;State/DC;State of Alaska;State of Alaska;38978995;125071786.4;13221
Alaska;AK;Local Total;Local Government;Local Government;9694157;26928213.6;3222
Alaska;AK;Local Government;Municipality of Anchorage;Municipality of Anchorage;9694157;26928213.6;3222
North Dakota;ND;Total;North Dakota;North Dakota;29582496;152000000;17807
North Dakota;ND;State Total;State/DC;State/DC;29582496;152000000;17807
North Dakota;ND;State/DC;State of North Dakota;State of North Dakota;29582496;152000000;17807
Guam;GU;Total;Guam;Guam;0;28964017.2;0
Guam;GU;Other Total;Territorial Government;Territorial Government;0;28964017.2;0
Guam;GU;Other;Government of Guam;Government of Guam;0;28964017.2;0
U.S. Virgin Islands;VI;Total;U.S. Virgin Islands;U.S. Virgin Islands;386291;18373958.5;86
U.S. Virgin Islands;VI;Other Total;Territorial Government;Territorial Government;386291;18373958.5;86
U.S. Virgin Islands;VI;Other;Government of the Virgin Islands;Government of the Virgin Islands;386291;18373958.5;86
Northern Mariana Islands;CM;Total;Northern Mariana Islands;Northern Mariana Islands;0;8965376.9;0
Northern Mariana Islands;CM;Other Total;Territorial Government;Territorial Government;0;8965376.9;0
Northern Mariana Islands;CM;Other;Northern Mariana Islands;Northern Mariana Islands;0;8965376.9;0
American Samoa;AS;Total;American Samoa;American Samoa;0;8346647.4;0
American Samoa;AS;Other Total;Territorial Government;Territorial Government;0;8346647.4;0
American Samoa;AS;Other;Government of American Samoa;Government of American Samoa;0;8346647.4;0
1Based on responses by states, local governments, and U.S. territories to the ERA2 Quarterly Q2 2021 (through June 30), Monthly July 2021, Monthly August 2021, Monthly September 2021,  Monthly October 2021, Monthly November 2021, Monthly December 2021, Monthly January 2022, Monthly February 2022, Monthly March 2022, Monthly April 2022, Monthly May 2022, and Monthly June 2022 reports obtained via Salesforce extract on August 8, 2022.;;;0;;;;
2The total dollar amount of ERA award funds paid under the subject ERA Project to or for participant households including payments for rent, rental arrears, utility/home energy costs, utility/home energy arrears, and other housing services and eligible expenses. This does not include funds paid for Housing Stability Services.;;;0;;;;
3The number of unique participant households whose rent, rental arrears, utility/home energy payments, utility/home energy arrears, or other expenses related to housing were fully or partially paid under the subject ERA Project. ;;;0;;;;
4Total amount of assistance allocated to the grantee by US Department of Treasury under the ERA2 program, including high-need allocation. ERA2 allocations for local governments that have been up-streamed to their county or state are included as part of the parent entity's allocation.;;;0;;;;
5June 2022 is the final monthly reporting period for ERA2.;;;0;;;;
